{
  "Guilherme Ramos": 0.7332384051152829,
  "Immanuël Pherai": 0.6692471212203029,
  "Fábio Vieira": 0.603312744693128,
  "Jean-Luc Dompé": 0.5366178351989487,
  "Daniel Elfadli": 0.46627526534449687,
  "Emir Sahiti": 0.40427783970778935,
  "Yussuf Poulsen": 0.35929605364895983,
  "William Mikelbrencis": 0.2754745220391469,
  "Nicolás Capaldo": 0.19332647092719132,
  "Bakery Jatta": 0.09941795652844385,
  "Jonas Meffert": 0.02493617399132331,
  "Fabio Baldé": -0.014472971974281637,
  "Robert Glatzel": -0.028780270153896535,
  "Daniel Heuer Fernandes": -0.06347291792755994,
  "Warmed Omari": -0.06822507320765435,
  "Ransford Königsdörffer": -0.08890474494194595,
  "Albert Sambi Lokonga": -0.0949849744058534,
  "Aboubaka Soumahoro": -0.14710984528989085,
  "Miro Muheim": -0.172434871554346,
  "Rayan Philippe": -0.1868650342963562,
  "Luka Vuskovic": -0.18688000049040251,
  "Jordan Torunarigha": -0.30145744489916404,
  "Giorgi Gocholeishvili": -0.32622237011311567,
  "Nicolai Remberg": -0.3337766980228416,
  "Otto Stange": -0.3494508212092739,
  "Alexander Røssing-Lelesiit": -0.9560867168202182
}